{
    "Mean IoU": 0.8048624699077909,
    "Mean Dice": 0.8850287445007808,
    "Accuracy": 0.9502813248407274
}